1,xxx
2,xxx
3,xxx
4,xxx
5,xxx
6,xxx
7,xxx
8,xxx
9,xxx
10,xxx
11,xxx
12,xxx
13,xxx
14,xxx
15,xxx
16,xxx
17,xxx
18,xxx
19,xxx
20,xxx
21,xxx
22,xxx
23,xxx
24,xxx
25,xxx
26,xxx
27,xxx
28,xxx
29,xxx
30,xxx
31,xxx
32,xxx
33,xxx
34,xxx
35,xxx
36,xxx
37,xxx
38,xxx
39,xxx
40,xxx
41,xxx
42,xxx
43,xxx
44,xxx
45,xxx
46,xxx
47,xxx
48,xxx
49,xxx
50,xxx
51,xxx
52,xxx
53,xxx
54,xxx
55,xxx
56,xxx
57,xxx
58,xxx
59,xxx
60,xxx
61,xxx
62,xxx
63,xxx
64,xxx
65,xxx
66,xxx
67,xxx
68,xxx
69,xxx
70,xxx
71,xxx
72,xxx
73,xxx
74,xxx
75,xxx
76,xxx
77,xxx
78,xxx
79,xxx
80,xxx
81,xxx
82,xxx
83,xxx
84,xxx
85,xxx
86,xxx
87,xxx
88,xxx
89,xxx
90,xxx
91,xxx
92,xxx
93,xxx
94,xxx
95,xxx
96,xxx
97,xxx
98,xxx
99,xxx
100,xxx
101,xxx
102,xxx
103,xxx
104,xxx
105,xxx
106,xxx
107,xxx
108,xxx
109,xxx
110,xxx
111,xxx
112,xxx
113,xxx
114,xxx
115,xxx
116,xxx
117,xxx
118,xxx
119,xxx
120,xxx
121,xxx
122,xxx
123,xxx
124,xxx
125,xxx
126,xxx
127,xxx
128,xxx
129,xxx
130,xxx
131,xxx
132,xxx
133,xxx
134,xxx
135,xxx
136,xxx
137,xxx
138,xxx
139,xxx
